pwacc,name,pwtype,category,url,source,srcid,externalid,extid,taxid,taxname,core,cids,geneids,protacxns,pmids,ecs,annotation
Reactome:R-MMU-69306,DNA Replication,organism_specific,pathway,https://reactome.org/content/detail/R-MMU-69306,Reactome,3,R-MMU-69306,R-MMU-69306,10090,Mus musculus (house mouse),0,1778309|3681305|5461108|7058055|7058165|11988283|15938965|25244665|25320183|135398598|135398630,12544|12545|12566|16211|16881|16912|16913|17215|17216|17217|17218|17219|17220|17222|17463|18392|18393|18538|18968|18969|18971|18972|18973|18974|19075|19076|19166|19167|19170|19171|19172|19173|19175|19177|19179|19181|19182|19184|19185|19186|19192|19687|19718|21402|21762|22123|22194|23834|23996|23997|26428|26429|26440|26441|26442|26443|26444|26445|26446|26965|27214|27401|50793|52206|52563|52717|53380|56317|56371|56438|57296|57441|59001|59008|59029|66156|66413|66440|66634|66979|66997|66998|67089|67151|67177|68240|68275|68612|68999|69077|69263|69270|69745|69957|70024|70247|72151|73677|73902|75430|77891|78833|99152|103554|106344|109145|216080|217232|228769|272551|327762|621823|100041230,A2A6Q5|O09061|O35226|O35593|O35654|O35955|O54956|O55234|O70435|O88513|O88685|O88708|O89033|P14685|P17918|P20664|P25206|P26516|P28063|P28076|P33609|P33610|P33611|P35601|P37913|P39749|P46471|P49717|P49718|P49722|P52431|P52482|P53995|P54775|P60007|P61080|P61290|P62192|P62196|P62334|P62806|P62878|P70168|P70195|P97310|P97311|P97371|P97372|P97377|P99026|Q0VBD2|Q3TXS7|Q5SSW2|Q60692|Q60862|Q61881|Q62193|Q6ZQJ5|Q8BG32|Q8BG41|Q8BGZ4|Q8BHL8|Q8BJY1|Q8BTZ4|Q8BZQ7|Q8K2H6|Q8R323|Q8R349|Q8R4E9|Q8VDM4|Q8VEE4|Q91W96|Q921J4|Q99J62|Q99JI4|Q99JP4|Q99LZ3|Q9CPV2|Q9CPX9|Q9CQ36|Q9CQ71|Q9CR00|Q9CWH6|Q9CWP8|Q9CWV1|Q9CX56|Q9CY94|Q9CZ15|Q9D0F6|Q9D1C1|Q9D600|Q9D8W5|Q9EQ28|Q9JK30|Q9JKP7|Q9QUM9|Q9QZ41|Q9R1K5|Q9R1P0|Q9R1P1|Q9R1P3|Q9R1P4|Q9WTX5|Q9WTX6|Q9WUJ8|Q9WUK4|Q9WUV0|Q9WVF7|Q9WVJ2|Q9WVM3|Q9Z0H0|Q9Z0Z3|Q9Z1N2|Q9Z1X9|Q9Z2U0|Q9Z2U1|Q9Z2X2,1536007|1579437|8223461|10966477|11257218|12045100,2.3.2.23|2.3.2.24|2.3.2.27|2.3.2.32|2.7.11.1|2.7.11.22|2.7.7.102|2.7.7.7|3.1.-.-|3.1.11.-|3.4.19.-|3.4.25.1|3.6.4.12|6.5.1.1,NULL
Reactome:R-MMU-5696398,Nucleotide Excision Repair,organism_specific,pathway,https://reactome.org/content/detail/R-MMU-5696398,Reactome,3,R-MMU-5696398,R-MMU-5696398,10090,Mus musculus (house mouse),0,936|962|3681305|4097574|5461108|7058055|15938971,11461|11834|12572|12848|13194|13870|13871|13872|14884|14885|15312|17420|17749|18538|19687|19718|20020|20021|20610|21399|22196|22218|22590|22591|22632|23894|26370|26572|26754|26891|26893|28000|50505|51812|56031|56249|56438|56456|56505|57905|66420|66467|66491|66671|66983|67439|67710|68058|68142|68240|68275|69241|69263|69714|69833|69920|70020|70620|71101|71991|72151|77593|93765|93836|106344|108679|170930|209357|225280|227195|231329|235134|245841|252870|319955|328572,B2RWS6|D3Z3H0|F8VPZ5|O08740|O08811|O35864|O70422|O88543|O88544|O88545|P07903|P08775|P10711|P17918|P18608|P35601|P49135|P51612|P51949|P60122|P60710|P60898|P61089|P61202|P61219|P61957|P62488|P62876|P62878|P63166|P63280|P97760|Q00899|Q03147|Q3U1J1|Q3U1J4|Q61458|Q62193|Q63871|Q64267|Q66JY2|Q69ZQ2|Q6A4J8|Q6PIJ4|Q6ZPV2|Q80US4|Q80UW8|Q8BHA0|Q8CFD5|Q8CFI7|Q8CFQ3|Q8K2X8|Q8K387|Q8R1N0|Q8R2S9|Q8R323|Q8VBV7|Q8VD76|Q8VEE4|Q923G2|Q99J62|Q99KP6|Q99L90|Q99LD4|Q99ML9|Q99PT3|Q9CQ71|Q9CXF7|Q9D0F6|Q9D2M8|Q9D479|Q9D7M8|Q9DBA9|Q9DCD2|Q9JIB4|Q9QZD4|Q9QZH3|Q9R1K9|Q9WUK4|Q9Z172|Q9Z2N8,10583946|11900249|14599765|19023283|23906714|24954209,2.3.1.-|2.3.1.48|2.3.2.-|2.3.2.23|2.3.2.27|2.3.2.32|2.7.11.22|2.7.11.23|2.7.7.6|3.1.-.-|3.4.-.-|3.4.19.12|3.6.4.-|3.6.4.12|3.6.4.13|5.2.1.8,NULL
Reactome:R-MMU-8982491,Glycogen metabolism,organism_specific,pathway,https://reactome.org/content/detail/R-MMU-8982491,Reactome,3,R-MMU-8982491,R-MMU-8982491,10090,Mus musculus (house mouse),0,271|888|962|27854|79025|439156|439165|1778309|3681305|4097574|5461108|7058055|7058168|15938965|20056717|21604864,12315|14387|14936|18679|18682|19309|27357|53412|66681|68961|70974|72157|74185|102093|110094|110095|216558,F8VPN4|P07934|P0DP26|P18826|P70699|Q7TMB3|Q7TSH2|Q7TSV4|Q8BWJ3|Q8CAA7|Q91ZJ5|Q9D0F9|Q9D6Y9|Q9DB30|Q9ET01|Q9R062|Q9WUB3|Q9Z1E4,183599|4320262|5264799|9806880|18651836|22248338,2.4.1.1|2.4.1.11|2.4.1.18|2.4.1.186|2.7.1.106|2.7.11.1|2.7.11.19|2.7.11.26|2.7.7.9|3.2.1.20|5.4.2.2|5.4.2.7,NULL
Reactome:R-MMU-70263,Gluconeogenesis,organism_specific,pathway,https://reactome.org/content/detail/R-MMU-70263,Reactome,3,R-MMU-70263,R-MMU-70263,10090,Mus musculus (house mouse),0,280|311|888|962|970|1038|27854|79025|107735|164533|171548|222656|3674425|3681305|4643300|5460294|5460299|5460765|5461108|7058055|15938965|15938971|21604863|21604864|21604869|24794350|25245548|40467846|45266541|46878409|135398618|135398632,11674|11676|13358|13807|13808|14120|14121|14377|14378|14433|14447|14718|14719|14751|17448|17449|18534|18648|18655|18663|21991|27376|56012|67863|68401|74551|230163|433182,A0A1L1SUI3|O70250|P05063|P05064|P05201|P05202|P06745|P08249|P09041|P09411|P14152|P16858|P17182|P17183|P17751|P21550|P35576|P70695|Q05920|Q64467|Q6NSQ9|Q8BH04|Q8JZU2|Q91Y97|Q9CR62|Q9DBJ1|Q9QXD6|Q9QZD8|Q9Z186|Q9Z2V4,8379904,1.1.1.37|1.2.1.12|2.6.1.1|2.6.1.3|2.6.1.7|2.6.99.-|2.7.11.-|2.7.2.3|3.1.3.11|3.1.3.9|4.1.1.32|4.1.2.13|4.2.1.11|4.2.3.3|5.3.1.1|5.3.1.9|5.4.2.11|5.4.2.4|6.4.1.1,NULL
Reactome:R-MMU-70171,Glycolysis,organism_specific,pathway,https://reactome.org/content/detail/R-MMU-70171,Reactome,3,R-MMU-70171,R-MMU-70171,10090,Mus musculus (house mouse),0,223|311|813|888|962|1038|6076|65246|79025|82400|105021|107735|152306|439217|3674425|3681305|4643300|5460765|5461108|7058055|9548671|15938965|15938971|21604863|21604864|21604869|24794350|25245548|40467846|45266541|46878409,11674|11676|12183|13807|13808|14433|14447|14751|18141|18226|18639|18640|18641|18642|18648|18655|18663|18746|19069|19386|21991|26384|54563|56012|56421|59015|66679|67980|69482|69736|69912|70974|71805|71844|72124|72141|72787|103468|107939|108989|110379|170762|223921|227699|227720|230163|231042|231103|234865|269113|269966|270198|433182|445007,A0A0J9YUD5|A7UAK5|E9Q3G8|F6ZDS4|O70250|O88958|P05063|P05064|P06745|P09041|P09411|P12382|P15327|P16858|P17182|P17183|P17751|P21550|P47857|P52480|P52792-1|P53657-2|P58742|P59235|P70265|P70266|Q63850|Q64467|Q6DTY7|Q6PFD9|Q6ZQH8|Q80U93|Q8BH74|Q8BJ71|Q8BTS4|Q8C570|Q8CAA7|Q8CEC0|Q8CIC2|Q8K3Z9|Q8R0G9|Q8R2U0|Q8R332|Q8R480|Q8R4R6|Q8VCB1|Q8VDL4|Q91X44|Q91Y97|Q99P88|Q9CRC9|Q9CWU9|Q9D1M0|Q9DBJ1|Q9ERU9|Q9JIH2|Q9QY81|Q9WUA3|Q9Z0W3,16051738,1.2.1.12|2.3.2.-|2.6.99.-|2.7.1.105|2.7.1.106|2.7.1.11|2.7.1.147|2.7.1.40|2.7.2.3|3.1.3.46|3.4.21.-|3.5.99.6|4.1.2.13|4.2.1.11|4.2.3.3|5.3.1.1|5.3.1.9|5.4.2.11|5.4.2.4,NULL
Reactome:R-MMU-5653890,Lactose synthesis,organism_specific,pathway,https://reactome.org/content/detail/R-MMU-5653890,Reactome,3,R-MMU-5653890,R-MMU-5653890,10090,Mus musculus (house mouse),0,27854|79025|440995|6857410|20056717,14595|16770|20525,P15535|P17809|P29752,806951,2.4.1.-|2.4.1.22|2.4.1.275|2.4.1.38|2.4.1.90,NULL
Reactome:R-MMU-71336,Pentose phosphate pathway,organism_specific,pathway,https://reactome.org/content/detail/R-MMU-71336,Reactome,3,R-MMU-71336,R-MMU-71336,10090,Mus musculus (house mouse),0,177|280|888|962|1038|5779|150629|165007|439184|439452|3681305|5459820|5459862|5459869|5459879|5460448|5461108|7058055|15938963|15938965|15938972|15983949|20848918|21604863|21604864|22848660|23615443|24794349|24794350|25320183,14381|19139|19895|21351|21881|66171|66681|71336|74637|110208|110639|232449,P40142|P47968|Q00612|Q7TSV4|Q8R1Q9|Q91YP3|Q93092|Q9CQ60|Q9CS42|Q9D5J6|Q9D7G0|Q9DCD0,3790084|5666113|18987987,1.1.1.44|1.1.1.49|2.2.1.1|2.2.1.2|2.7.1.14|2.7.1.15|2.7.6.1|3.1.1.31|4.1.2.4|5.3.1.6|5.4.2.2|5.4.2.7,NULL
Reactome:R-MMU-1483249,Inositol phosphate metabolism,organism_specific,pathway,https://reactome.org/content/detail/R-MMU-1483249,Reactome,3,R-MMU-1483249,R-MMU-1483249,10090,Mus musculus (house mouse),0,271|888|890|892|962|977|1038|5958|27284|107737|107758|121920|121969|127296|128419|439444|439455|439456|439468|440043|440194|440211|440388|443247|443266|3081055|3681305|5461108|7058055|15938971|25245205|45479489|53380302|53477671|53477675,12315|16329|17330|18795|18796|18797|18799|18802|18803|19211|56409|56727|69718|71207|71780|72469|74055|75678|104759|114875|217837|228550|233011|234779|269437|269615,A2AP18|A3KGF7|B2RXC2|O08586|P0DP26|P49442|P51432|Q4KWH5|Q62077|Q6P1C1|Q7TS72|Q7TT16|Q8BG07|Q8BYN3|Q8CIH5|Q8K2J0|Q8K3R3|Q8K4D7|Q8K4S1|Q8R071|Q8R2U6|Q8R3B1|Q91UZ1|Q9JHU9|Q9JI46|Q9QXN5|Q9Z1B3|Q9Z2L6,11331907|16781889|17943301|20359876|20414202,1.13.99.1|2.7.1.127|2.7.1.134|2.7.1.140|2.7.1.151|2.7.1.153|2.7.1.158|2.7.1.159|3.1.16.1|3.1.3.16|3.1.3.48|3.1.3.57|3.1.3.62|3.1.3.67|3.1.3.80|3.1.4.11|3.6.1.-|3.6.1.52|5.5.1.4,NULL
Reactome:R-MMU-8978868,Fatty acid metabolism,organism_specific,pathway,https://reactome.org/content/detail/R-MMU-8978868,Reactome,3,R-MMU-8978868,R-MMU-8978868,10090,Mus musculus (house mouse),0,176|271|280|288|311|457|700|769|784|888|923|962|970|977|985|1038|4973|5884|5886|10964|12404|26840|27284|32051|92753|92836|94140|107738|122283|124886|160419|164533|164800|165436|168166|169621|222656|439756|444795|444899|445049|445344|445580|446013|448457|449118|449534|526795|643975|644066|644109|3081439|3082032|3082152|3082227|3434975|3681305|4097574|5257127|5280360|5280363|5280383|5280450|5280492|5280493|5280497|5280724|5280745|5280778|5280877|5280878|5280879|5280883|5280886|5280892|5280893|5280934|5281969|5282411|5282996|5283141|5283155|5283156|5283157|5283162|5283169|5283202|5283211|5460299|5461108|5497111|5497112|5497113|5497143|6444117|6449839|7048684|7058055|9543037|9548885|9862886|11953816|11966108|11966110|11966111|11966114|11966121|11966124|11966132|11966142|11966155|11966158|11966160|11966162|11966165|11966169|11966172|11966173|11966175|11966177|11966179|11966190|11966194|11966197|11966204|11966216|14671060|15938963|15938965|15938971|15938972|15983949|16019966|20839325|20849056|21604869|22833664|24883423|24883430|24906329|24906330|25113190|25137904|25164091|25229584|25246198|25271599|25271602|40467895|42607303|44176398|45266540|45266541|45266545|52921883|53477801|54675850|56927863|56927904|56927909|56927910|56927911|56927963|56927977|56927978|56927993|56928001|56928006|56928012|56928013|56928014|57339307|70678541|70678621|70678653|70678705|70678741|71627307|86289544|90658133,11363|11364|11370|11409|11430|11666|11671|11684|11686|11687|11688|11689|11690|12408|12896|12908|13177|13358|13479|13850|14073|14081|14104|14598|14979|15107|15488|16922|16993|17001|17117|17164|17250|18783|18979|19015|19063|19215|19224|19225|20181|20250|20280|20520|20524|21391|21835|23801|23887|23986|26378|26458|26922|52538|54326|54397|54486|56185|56473|56690|56794|57279|64292|66904|67460|68041|70316|71854|71985|72482|73724|74114|74121|74147|74522|74559|76267|80911|93732|93747|97212|102632|104112|107476|108079|108097|108099|110821|110959|111175|170789|223722|231086|234309|235674|245533|257633|264895|269823|319446|330260,A2ADU9|O08914|O09114|O09174|O35379|O35386|O35448|O35488|O35936|O70579|O70582|O88531|P11930|P13011|P19096|P22437|P24527|P28700|P30355|P31428|P32020|P34914|P35396|P36423|P39654|P39655|P41216|P42125|P45952|P47713|P47740|P47934|P48410|P48758|P48999|P49138|P50171|P50544|P51174|P51660|P52430|P52825|P53808|P58137|Q05769|Q07417|Q3URE1|Q3UXL1|Q5SWU9|Q60860|Q60928|Q61425|Q62086|Q62087|Q62264|Q69ZX6|Q6PAM0|Q80XL6|Q8BH95|Q8BMS1|Q8BRK8|Q8BWT1|Q8C255|Q8JZU2|Q8K370|Q8R3F5|Q8VCH0|Q8VCW8|Q91V92|Q91VT4|Q91WG5|Q91ZA3|Q920L1|Q99J39|Q99JY0|Q99MN9|Q99MZ7|Q9CQ20|Q9CQ62|Q9CR21|Q9D061|Q9D1I5|Q9D2Y9|Q9DA79|Q9DBM2|Q9DBS4|Q9DC50|Q9DCS3|Q9EPL9|Q9JHF7|Q9JLJ4|Q9JM51|Q9NYQ2|Q9QXD1|Q9QXE0|Q9R0H0|Q9WUR2|Q9WV07|Q9WV68|Q9Z0E8|Q9Z0R9|Q9Z2A9|Q9Z2Z6,NULL,1.1.1.100|1.1.1.184|1.1.1.189|1.1.1.196|1.1.1.197|1.1.1.211|1.1.1.239|1.1.1.35|1.1.1.62|1.1.1.n12|1.1.3.15|1.11.1.-|1.13.11.-|1.13.11.12|1.13.11.31|1.13.11.33|1.13.11.34|1.13.11.58|1.14.11.18|1.14.19.1|1.14.19.3|1.14.19.44|1.14.99.1|1.17.99.3|1.2.1.3|1.2.1.94|1.3.1.104|1.3.1.124|1.3.1.38|1.3.1.39|1.3.3.-|1.3.3.6|1.3.8.-|1.3.8.1|1.3.8.7|1.3.8.8|1.3.8.9|1.3.99.-|1.6.5.10|2.3.1.-|2.3.1.137|2.3.1.155|2.3.1.16|2.3.1.176|2.3.1.199|2.3.1.21|2.3.1.38|2.3.1.39|2.3.1.41|2.3.1.7|2.3.1.75|2.3.1.85|2.3.1.9|2.3.2.2|2.3.3.8|2.5.1.-|2.5.1.18|2.7.11.1|2.7.11.27|2.7.11.31|3.1.1.-|3.1.1.2|3.1.1.4|3.1.1.5|3.1.1.81|3.1.2.-|3.1.2.1|3.1.2.11|3.1.2.14|3.1.2.2|3.1.2.22|3.1.2.27|3.1.2.3|3.1.2.5|3.1.3.76|3.1.8.1|3.3.2.-|3.3.2.10|3.3.2.6|3.4.11.4|3.4.13.19|3.4.19.13|3.4.19.14|3.5.1.99|3.5.2.6|3.6.1.-|4.1.1.9|4.1.2.63|4.2.1.107|4.2.1.119|4.2.1.152|4.2.1.17|4.2.1.59|4.4.1.20|5.1.99.1|5.1.99.4|5.3.3.8|5.3.99.2|5.3.99.3|5.3.99.5|5.4.4.7|6.2.1.-|6.2.1.15|6.2.1.2|6.2.1.24|6.2.1.3|6.2.1.7|6.2.1.n3|6.4.1.2|6.4.1.3|7.6.2.-|7.6.2.2|7.6.2.3,NULL
Reactome:R-MMU-2142753,Arachidonic acid metabolism,organism_specific,pathway,https://reactome.org/content/detail/R-MMU-2142753,Reactome,3,R-MMU-2142753,R-MMU-2142753,10090,Mus musculus (house mouse),0,271|457|700|888|962|977|1038|4973|5884|5886|10964|12404|27284|32051|124886|444899|445049|448457|526795|3434975|5257127|5280360|5280363|5280383|5280492|5280493|5280497|5280724|5280745|5280778|5280877|5280878|5280879|5280883|5280886|5280892|5280893|5281969|5282411|5283141|5283155|5283156|5283157|5283162|5283169|5283202|5283211|5460299|5461108|6449839|7048684|7058055|9548885|9862886|15938972|15983949|20839325|25113190|40467895|42607303|52921883|54675850,11684|11686|11687|11688|11689|11690|12408|13479|13850|14073|14598|16993|17001|17164|17250|18783|18979|19215|19224|19225|21391|23801|23887|54486|64292|71854|245533|269823|319446|330260,A2ADU9|O08914|O09114|O35379|O35936|O70582|P22437|P24527|P30355|P31428|P34914|P36423|P39654|P39655|P47713|P48758|P48999|P49138|P52430|Q05769|Q3UXL1|Q60860|Q60928|Q62086|Q62087|Q8C255|Q9DA79|Q9JHF7|Q9JM51|Q9WV07|Q9Z2A9,19244215,1.1.1.184|1.1.1.189|1.1.1.196|1.1.1.197|1.11.1.-|1.13.11.-|1.13.11.12|1.13.11.31|1.13.11.33|1.13.11.34|1.13.11.58|1.14.99.1|2.3.1.75|2.3.2.2|2.5.1.-|2.5.1.18|2.7.11.1|3.1.1.-|3.1.1.2|3.1.1.4|3.1.1.5|3.1.1.81|3.1.3.76|3.1.8.1|3.3.2.-|3.3.2.10|3.3.2.6|3.4.11.4|3.4.13.19|3.4.19.13|3.4.19.14|3.5.1.99|3.5.2.6|4.2.1.152|4.4.1.20|5.3.99.2|5.3.99.3|5.3.99.5|5.4.4.7|7.6.2.2|7.6.2.3,NULL
Reactome:R-MMU-428157,Sphingolipid metabolism,organism_specific,pathway,https://reactome.org/content/detail/R-MMU-428157,Reactome,3,R-MMU-428157,R-MMU-428157,10090,Mus musculus (house mouse),0,271|280|402|888|962|977|984|985|1014|1015|1038|1117|5881|11177|12594|35717|79025|91486|94140|122121|439156|439197|439357|439853|644109|644260|3681305|5280335|5280541|5283560|5461108|6419712|6857410|6857581|7058055|9963963|15938971|15938972|15983949|20056717|21604869|25113190,11671|11883|11886|13244|14420|14421|14466|14667|15211|15212|19012|19156|20397|20597|20698|20773|22234|22239|23943|23956|26879|50877|52635|56356|56632|58911|66190|67630|67689|67902|68018|70059|70750|74442|76303|77626|79554|103236|171168|208449|216892|223753|228677|230101|230379|242083|268656|272636|338521,O09005|O35704|O88693|P17439|P20060|P29416|P47740|P50428|P51569|P54818|P97363|Q04519|Q09200|Q3B7Z2|Q3TIW9|Q3TZZ7|Q3U7R1|Q5DTI8|Q5MPP0|Q60648|Q61207|Q61469|Q64676|Q69ZF3|Q6GV12|Q6ZPR5|Q80VQ0|Q8BG54|Q8BHN0|Q8BPG6|Q8BS40|Q8BVP5|Q8CI15|Q8K4Q7|Q8R0F3|Q8R0X7|Q8R2F2|Q8R4X1|Q8VCQ6|Q8VD53|Q91VM4|Q920V1|Q9D099|Q9D4B1|Q9DA37|Q9EQG9|Q9JIA7|Q9JL62|Q9JMH3|Q9JMH7|Q9WV54,12011104|18165232|18216770,1.1.1.102|1.14.18.-|1.14.18.5|1.14.19.17|1.2.1.28|1.2.1.3|1.2.1.5|1.2.1.7|1.2.1.94|1.8.3.7|2.3.1.-|2.3.1.50|2.4.1.-|2.4.1.47|2.4.1.79|2.4.1.80|2.4.1.92|2.7.1.138|2.7.1.91|2.7.11.1|2.7.8.-|2.7.8.27|3.1.3.-|3.1.3.106|3.1.3.16|3.1.3.4|3.1.3.81|3.1.4.12|3.1.6.8|3.2.1.-|3.2.1.18|3.2.1.22|3.2.1.45|3.2.1.46|3.2.1.52|3.5.1.-|3.5.1.23|4.1.2.27|5.2.1.-,NULL
Reactome:R-MMU-191273,Cholesterol biosynthesis,organism_specific,pathway,https://reactome.org/content/detail/R-MMU-191273,Reactome,3,R-MMU-191273,R-MMU-191273,10090,Mus musculus (house mouse),0,280|284|647|888|962|977|1038|1195|5884|5886|5997|65728|92746|101770|165609|246983|439230|439400|439418|439423|439577|440558|440560|443212|445713|445995|638072|643975|3681305|4097574|5280592|5288565|5459811|5459827|5461108|7058055|15938971|15938972|15983949|21604869|22298942|24906328|25113190|45266540|45266541|56927972|56927973|56927974|102330427,13121|13360|13595|14137|14593|15357|15490|16987|17855|18194|20775|66234|68603|68865|73166|74411|74754|98386|110196|110460|192156|208715|235293,O88455|O88736|O88822|P52019|P53798|P70245|Q01237|Q3U9G9|Q71KT5|Q8BLN5|Q8CAY6|Q8JZK9|Q8K0C4|Q8VCH6|Q920E5|Q99JF5|Q9CRA4|Q9D0U9|Q9D1G2|Q9D4F2|Q9R008|Q9R1J0|Q9WTN0,1390320|3524618|11969204|12668600|16054061,1.1.1.170|1.1.1.210|1.1.1.270|1.1.1.34|1.1.1.62|1.14.14.154|1.14.14.17|1.14.18.9|1.14.19.20|1.3.1.21|1.3.1.70|1.3.1.72|2.3.1.9|2.3.3.10|2.5.1.-|2.5.1.1|2.5.1.10|2.5.1.21|2.5.1.29|2.7.1.36|2.7.4.2|3.1.3.-|3.6.1.-|3.6.1.68|4.1.1.33|5.3.3.5|5.4.99.7,NULL
Reactome:R-MMU-74182,Ketone body metabolism,organism_specific,pathway,https://reactome.org/content/detail/R-MMU-74182,Reactome,3,R-MMU-74182,R-MMU-74182,10090,Mus musculus (house mouse),0,96|175|888|1038|92135|160419|445127|4097574|5288565|5461108|6971017|6971058|15938965|15938971|21604869|25113190|45266540|45266541|45266545,15356|15360|67041|69772|71911|78894|110446|208982|353371|380660,P38060|P54869|Q14DH7|Q80XN0|Q8JZS7|Q8JZV9|Q8QZT1|Q9D0K2|Q9D2R0|Q9ESL0,21479626,1.1.1.-|1.1.1.30|2.3.1.9|2.3.3.10|2.8.3.5|4.1.3.4|6.2.1.1|6.2.1.16|6.2.1.17,NULL
Reactome:R-MMU-70268,Pyruvate metabolism,organism_specific,pathway,https://reactome.org/content/detail/R-MMU-70268,Reactome,3,R-MMU-70268,R-MMU-70268,10090,Mus musculus (house mouse),0,280|313|760|880|888|962|1038|25975|32051|107689|107735|124886|222656|440018|444795|3681305|5461108|7048684|7058055|15938963|15938971|15938972|15983949|21604869|25113190|45266541,12215|14651|14874|16828|16832|16833|18604|19015|20181|22333|27402|68263|109801|235339|381511,P00342|P06151|P16125|P18572|P28700|P35396|Q3UV70|Q504M2|Q60932|Q8BKZ9|Q8BMF4|Q8BVP2|Q99KB8|Q9CPU0|Q9D051|Q9JK42|Q9WVL0,2188967|7273846,1.1.1.27|1.2.4.1|2.3.1.12|2.5.1.18|2.7.11.2|3.1.2.6|3.1.3.43|4.4.1.5|5.2.1.2,NULL
Reactome:R-MMU-15869,Nucleotide metabolism,organism_specific,pathway,https://reactome.org/content/detail/R-MMU-15869,Reactome,3,R-MMU-15869,R-MMU-15869,10090,Mus musculus (house mouse),0,190|223|271|280|649|769|784|888|962|977|1038|1135|1174|1175|1188|5789|15047|27284|27854|29936|32051|60961|93556|139340|439424|447920|643975|643976|644041|1492348|1778309|3423467|3440921|3681305|4097574|4755801|5257127|5281915|5460013|5460257|5460289|5460294|5460299|5460307|5460765|5461108|6971064|6971254|6992086|7048684|7058055|7058166|7058168|7058169|15938965|15938971|15938972|15983949|16755631|18601100|20848918|21123869|21604869|23279501|23421208|24794349|24916929|25244408|25245622|25320183|40467895|44229244|45266654|45266657|45266724|46878393|46878398|49791958|53477568|56927786|56928007|70680280|70680298|70680301|86289088|86289309|86289402|90657386|90657462|90658924|135397950|135398555|135398564|135398581|135398596|135398598|135398603|135398613|135398615|135398618|135398630|135398632|135398634|135398638|135398639|135398642|135398649|135573953|135871110|135871111|135874855|136093829|136630897|139036274|155903252|155903277|155903278|155903279|155920204,11486|11534|11564|11637|11639|11717|11821|12495|12496|12497|12499|13178|14450|14544|14782|14923|15452|16434|17766|18102|18103|20133|20135|21877|21915|22166|22171|22245|22247|22436|23917|23918|23959|27369|50493|50773|51797|53893|55936|56045|56520|56749|64705|66355|66358|67054|67365|67464|67725|68556|69719|70881|72090|72269|72962|74167|75686|75894|76952|80914|93685|93692|99586|103149|103850|105446|107569|108147|109674|213484|214254|229363|229665|230718|237823|320685|381101|382985|102216272,A3KFX0|B2RQC6|O08739|O35435|O55026|P00493|P03958|P04184|P07607|P07742|P08030|P10639|P11157|P13439|P15532|P24547|P43346|P47791|P50096|P52623|P53368|P54822|P55264|P55772|P56389|P70303|P70698|P97930|Q00519|Q01768|Q3TCT4|Q3THK7|Q3U0P5|Q3U2V3|Q3V1D3|Q3V1L4|Q5SUR0|Q60710|Q61503|Q64520|Q64737|Q6P3D0|Q6PEE3|Q80SY6|Q80VJ3|Q8BFW6|Q8BG93|Q8BVU5|Q8CHR6|Q8CIH9|Q8JZU0|Q8K0L2|Q8K2D6|Q8VC97|Q8VCE6|Q8VCG1|Q8VCP8|Q91YE9|Q91YL3|Q99KS6|Q99L27|Q99N42|Q99PM9|Q9CWJ9|Q9D020|Q9D5U5|Q9D892|Q9DBT4|Q9DBT5|Q9DCL9|Q9DCZ1|Q9EQF5|Q9JKX6|Q9JM14|Q9JMH6|Q9QUH0|Q9QX60|Q9R088|Q9R111|Q9WTP6|Q9WUR9|Q9WUZ9|Q9WV84,8283301|17266529|20494131,1.1.1.205|1.11.1.2|1.17.1.4|1.17.3.2|1.17.4.1|1.3.1.2|1.3.5.2|1.7.1.7|1.8.1.7|1.8.1.9|2.1.1.45|2.1.2.2|2.1.2.3|2.1.3.2|2.4.2.10|2.4.2.4|2.4.2.7|2.4.2.8|2.7.1.-|2.7.1.113|2.7.1.20|2.7.1.21|2.7.1.48|2.7.1.74|2.7.1.76|2.7.1.77|2.7.13.3|2.7.4.10|2.7.4.3|2.7.4.6|2.7.4.8|2.7.4.9|2.7.7.96|3.1.3.-|3.1.3.5|3.1.3.91|3.1.3.96|3.1.3.99|3.1.5.-|3.2.2.-|3.5.1.6|3.5.2.2|3.5.2.3|3.5.4.-|3.5.4.10|3.5.4.12|3.5.4.3|3.5.4.4|3.5.4.5|3.5.4.6|3.6.1.-|3.6.1.13|3.6.1.15|3.6.1.16|3.6.1.22|3.6.1.42|3.6.1.5|3.6.1.53|3.6.1.56|3.6.1.58|3.6.1.6|3.6.1.62|3.6.1.64|3.6.1.9|4.1.1.21|4.1.1.23|4.3.2.2|6.3.2.6|6.3.3.1|6.3.4.13|6.3.4.2|6.3.5.2|6.3.5.3|6.3.5.5,NULL
Reactome:R-MMU-196783,Coenzyme A biosynthesis,organism_specific,pathway,https://reactome.org/content/detail/R-MMU-196783,Reactome,3,R-MMU-196783,R-MMU-196783,10090,Mus musculus (house mouse),0,280|987|988|41635|440304|444485|643976|4097574|5461108|6419722|7058055|15938965|25113190,66812|71743|73132|106564,Q3U4S0|Q8BZB2|Q8C0K5|Q8VDG5|Q9DBL7,2981478|11158296|11923312|13032008|15893380,2.7.1.24|2.7.7.3|4.1.1.36|6.3.2.51,NULL
Reactome:R-MMU-977347,Serine biosynthesis,organism_specific,pathway,https://reactome.org/content/detail/R-MMU-977347,Reactome,3,R-MMU-977347,R-MMU-977347,10090,Mus musculus (house mouse),0,105|222|888|962|1038|68841|71077|107735|164533|3681305|5460299|5461108|6857581|15938971|21604869|25245548,27364|100678|107272|236539,Q61753|Q99K85|Q99LS3|Q9QZX7,15021249,1.1.1.95|2.6.1.52|3.1.3.3|4.3.1.17|4.3.1.18|5.1.1.18,NULL
Reactome:R-MMU-71262,Carnitine synthesis,organism_specific,pathway,https://reactome.org/content/detail/R-MMU-71262,Reactome,3,R-MMU-71262,R-MMU-71262,10090,Mus musculus (house mouse),0,133|280|288|725|962|977|1038|27284|160419|164533|439460|440121|5257127|15938971|21604869|54679076,20425|56752|170442,P50431|Q924Y0|Q9JLJ2,6361812|9706223,1.14.11.1|1.2.1.3|1.2.1.47|2.1.2.1,NULL
Reactome:R-MMU-70635,Urea cycle,organism_specific,pathway,https://reactome.org/content/detail/R-MMU-70635,Reactome,3,R-MMU-70635,R-MMU-70635,10090,Mus musculus (house mouse),0,223|769|962|1176|6262|9750|27854|70914|439998|1549073|3423467|3681305|4097574|5460294|5460299|5460307|5461108|7058055|15938965|15983949|25113190|45266541,11846|11847|11898|18416|67824|109900|217214|227231,O08691|P11725|P16460|Q61176|Q8C196|Q8K2T1|Q8R4H7|Q91YI0,NULL,2.1.3.3|2.3.1.1|3.5.3.1|4.3.2.1|6.3.4.16|6.3.4.5,NULL
Reactome:R-MMU-209905,Catecholamine biosynthesis,organism_specific,pathway,https://reactome.org/content/detail/R-MMU-209905,Reactome,3,R-MMU-209905,R-MMU-209905,10090,Mus musculus (house mouse),0,280|681|962|977|1024|1038|5816|6047|23978|27284|439260|6942100|24762165|25246222|44123501|54679076|135402045|135476778,13166|13195|18948|21823,O88533|P24529|P40935|Q64237,363400|1684650|10691773,1.14.16.2|1.14.17.1|2.1.1.28|4.1.1.28,NULL
Reactome:R-MMU-209931,Serotonin and melatonin biosynthesis,organism_specific,pathway,https://reactome.org/content/detail/R-MMU-209931,Reactome,3,R-MMU-209931,R-MMU-209931,10090,Mus musculus (house mouse),0,280|896|903|977|1038|5202|27284|439280|6923516|24762165|25113190|25246222|45266541|135402045|135476778,11298|13195|107626,D3KU66|O88533|O88816,16942634|18155917,2.1.1.4|2.3.1.87|4.1.1.28,NULL
Reactome:R-MMU-2408522,Selenoamino acid metabolism,organism_specific,pathway,https://reactome.org/content/detail/R-MMU-2408522,Reactome,3,R-MMU-2408522,R-MMU-2408522,10090,Mus musculus (house mouse),0,533|962|1038|105024|161597|643975|3681305|4097574|5461108|6326983|6327000|7311724|10176114|15938965|15938972|15983949|16019955|49787001,20768|50493|50880,P97364|Q9JLI6|Q9JMH6,20812787,1.11.1.2|1.8.1.9|2.7.9.3|4.4.1.16,NULL
Reactome:R-MMU-189445,Porphyrin metabolism,organism_specific,pathway,https://reactome.org/content/detail/R-MMU-189445,Reactome,3,R-MMU-189445,R-MMU-189445,10090,Mus musculus (house mouse),0,223|280|281|321|784|962|977|1038|1179|4971|6031|27284|32051|121893|140814|440775|440776|445713|643975|3681305|4097574|5257127|5280352|5280353|5352425|5459858|5459911|5461108|6921588|7048523|7058055|15719509|15938972|15983949|25113190|25202620|45266545|46931104|53356659,11655|11656|11657|12780|12892|14151|15288|17025|17250|19044|22275|22276|26357|28253|70383|101488|226139|226844|394436,B2RXV4|O35379|P07724|P08680|P10518|P22315|P22907|P36552|P51163|P51175|P70697|Q63886|Q7TMS5|Q8BJ03|Q8BXB6|Q8CFY5|Q8VC19|Q8VI47|Q9JJL3,NULL,1.3.3.3|1.3.3.4|2.3.1.37|2.4.1.17|2.5.1.141|2.5.1.61|4.1.1.37|4.2.1.24|4.2.1.75|4.99.1.1|7.6.2.-|7.6.2.2|7.6.2.3,NULL
Reactome:R-MMU-189451,Heme biosynthesis,organism_specific,pathway,https://reactome.org/content/detail/R-MMU-189451,Reactome,3,R-MMU-189451,R-MMU-189451,10090,Mus musculus (house mouse),0,223|280|321|784|962|977|1038|1179|4971|27284|32051|121893|140814|440775|440776|445713|643975|3681305|4097574|5257127|5352425|5461108|6921588|7048523|7058055|15719509|25113190|45266545|46931104|53356659,11655|11656|11657|12892|14151|15288|17025|19044|22275|22276|26357|70383|226139|226844,B2RXV4|P07724|P08680|P10518|P22315|P22907|P36552|P51163|P51175|P70697|Q7TMS5|Q8BJ03|Q8CFY5|Q8VC19,10522552|16839620|20506125|26774916,1.3.3.3|1.3.3.4|2.3.1.37|2.5.1.141|2.5.1.61|4.1.1.37|4.2.1.24|4.2.1.75|4.99.1.1|7.6.2.2,NULL
Reactome:R-MMU-189483,Heme degradation,organism_specific,pathway,https://reactome.org/content/detail/R-MMU-189483,Reactome,3,R-MMU-189483,R-MMU-189483,10090,Mus musculus (house mouse),0,281|962|977|6031|27284|3681305|5280352|5280353|5459858|5459911|5461108|7058055|15938972|15983949|25202620|53356659,11657|12780|17250|26357|28253|101488|394436,O35379|P07724|Q63886|Q7TMS5|Q8BXB6|Q8VI47|Q9JJL3,12909459,2.4.1.17|7.6.2.-|7.6.2.2|7.6.2.3,NULL
Reactome:R-MMU-156588,Glucuronidation,organism_specific,pathway,https://reactome.org/content/detail/R-MMU-156588,Reactome,3,R-MMU-156588,R-MMU-156588,10090,Mus musculus (house mouse),0,962|1038|6031|439156|439165|445675|446541|4097574|5280352|5317750|5459858|5459911|7058168|10028772|15938971|21604869|25202620|124202362,22235|213012|216558|242585|394436,A2AKQ0|O70475|Q63886|Q6PE15|Q91ZJ5,10836148|14977861,1.1.1.22|2.4.1.17|2.7.7.9|3.1.1.93|3.1.2.22,NULL
Reactome:R-MMU-156581,Methylation,organism_specific,pathway,https://reactome.org/content/detail/R-MMU-156581,Reactome,3,R-MMU-156581,R-MMU-156581,10090,Mus musculus (house mouse),0,72|544|712|778|813|888|962|977|1038|1049|2513|5778|5884|5886|13597|32051|60961|114800|161491|167250|643975|643976|667490|3681305|4097574|5461108|5461136|6992087|7048684|15938971|24762165|25195380|25246222|40467895|54706655|71306319,12846|13077|14873|18113|22017|57344|67674|67768|108645|210009|232087|238505|269378,A6H5Y3|O09131|O55060|O55239|O88587|P00186|P50247|Q3THS6|Q6SKR2|Q8C1A3|Q91WU5|Q99LB6|Q9DCG9,10331075|10898761|15130560,1.14.14.1|1.16.1.8|1.20.4.2|1.8.5.1|2.1.1.-|2.1.1.1|2.1.1.13|2.1.1.137|2.1.1.6|2.1.1.67|2.5.1.18|2.5.1.6|3.3.1.1|4.2.1.152,NULL
Reactome:R-MMU-354192,Integrin signaling,organism_specific,pathway,https://reactome.org/content/detail/R-MMU-354192,Reactome,3,R-MMU-354192,R-MMU-354192,10090,Mus musculus (house mouse),0,271|962|3681305|5461108|7058055|135398618|135398632,12927|12928|12988|14083|14784|16399|16416|19246|20662|20779|20963|21894|54519,O54890|P05480|P26039|P34152|P35821|P41241|P48025|P98083-2|Q60631|Q61140|Q62245|Q64010|Q8R5A3|Q9QUM0,10508650|10605720|14754902|15205259|16102042|17084981|17624957|19118207|28106780,2.7.10.2|3.1.3.48,NULL
Reactome:R-MMU-186712,Regulation of beta-cell development,organism_specific,pathway,https://reactome.org/content/detail/R-MMU-186712,Reactome,3,R-MMU-186712,R-MMU-186712,10090,Mus musculus (house mouse),0,5461108|7058055,56458,Q9R1E0,11575290|12591178|15298336|18094957,NULL,NULL
Reactome:R-MMU-109581,Apoptosis,organism_specific,pathway,https://reactome.org/content/detail/R-MMU-109581,Reactome,3,R-MMU-109581,R-MMU-109581,10090,Mus musculus (house mouse),0,962|3681305|5461108|7058055,11518|11783|11797|11798|12015|12018|12028|12043|12048|12122|12125|12169|12367|12368|12369|12370|12371|12387|12550|12633|13063|13169|13176|13347|13368|13510|13511|13512|14082|14083|14272|14453|14939|16211|16646|16906|17762|18107|18260|18753|18761|18772|18810|18952|19057|19058|19766|19877|20230|21872|21873|22030|22352|22627|22628|22629|22630|22631|26413|26417|26419|27061|54401|54722|55948|56215|56369|56455|58801|66593|67013|68097|69146|70415|71609|72993|74006|74143|74268|106759|109620|171543|223255|227753|269582,E9Q557|O08734|O08738|O35732|O35902|O54786|O54788|O54918|O55111|O70310|O70456|O88879|O89110|P04187|P09803|P10417|P10637|P11862|P13020|P14733|P16546|P20152|P28661|P28867|P34152|P39429|P39447|P48455|P48678-3|P58281|P61982|P62259|P62897|P63085|P63101|P63168|P68254|P68510|P70168|P70211|P70335|P70444|P70677|P97350|P97504|P97864|Q02111|Q02248|Q07813|Q3U0V2|Q60611|Q60855|Q60960|Q60989|Q61146|Q61160|Q61239|Q61315|Q61335|Q61337|Q61495|Q62210|Q62418|Q63810|Q63844|Q64373|Q80UF7|Q80YR7|Q8C3Q9|Q8K1M6|Q8K3H0|Q91Y86|Q91ZE9|Q99JT2|Q99KH8|Q9CQV8|Q9D0M5|Q9D8H7|Q9D8T2|Q9D9K3|Q9JIQ3|Q9JIX8|Q9JM54|Q9QXS1|Q9QYC0|Q9WVQ5|Q9Z0U1|Q9Z2D3,4561027|12189384|12209154|12505355|14561771|14634621|15218528,2.3.1.97|2.3.2.27|2.5.1.58|2.5.1.59|2.7.10.2|2.7.11.1|2.7.11.13|2.7.11.24|3.-.-.-|3.1.3.16|3.4.21.79|3.4.22.56|3.4.22.59|3.4.22.60|3.4.22.61|3.4.22.62|3.4.24.-|3.6.5.5|4.2.1.109,NULL
Reactome:R-MMU-2262749,Cellular response to hypoxia,organism_specific,pathway,https://reactome.org/content/detail/R-MMU-2262749,Reactome,3,R-MMU-2262749,R-MMU-2262749,10090,Mus musculus (house mouse),0,51|280|977|1110,11863|15251|16913|17463|17684|19166|19167|19170|19171|19172|19173|19175|19177|19179|19182|19184|19185|19186|19192|21762|22123|22346|23996|23997|26440|26441|26442|26443|26444|26445|53417|56438|57296|59029|66413|66997|66998|67089|67151|67673|67923|69077|70247|71745|73677|73902|103554|228769|319594|328572|621823,B2RWS6|O09061|O35226|O35593|O35740|O35955|O55234|O70435|O88685|P14685|P26516|P28063|P40338|P49722|P53762|P54775|P61290|P62192|P62196|P62334|P62869|P62878|P70195|P83940|P97371|P97372|P99026|Q0VBL6|Q3TXS7|Q5SSW2|Q60692|Q61221|Q8BG32|Q8BG41|Q8BHL8|Q8BJY1|Q8BLR9|Q8BVQ9|Q8VDM4|Q99JI4|Q9CR00|Q9CWH6|Q9CX56|Q9D4H8|Q9D8W5|Q9QUM9|Q9R1P0|Q9R1P3|Q9R1P4|Q9WVJ2|Q9Z2U0|Q9Z2U1,15304631,1.14.11.30|1.14.11.n4|2.3.1.-|2.3.1.48|2.3.2.27|2.3.2.32|3.4.19.-|3.4.25.1,NULL
Reactome:R-MMU-1234174,Cellular response to hypoxia,organism_specific,pathway,https://reactome.org/content/detail/R-MMU-1234174,Reactome,3,R-MMU-1234174,R-MMU-1234174,10090,Mus musculus (house mouse),0,280|977|27284|160419|164533|54679076,11863|15251|16912|16913|17463|17684|19166|19167|19170|19171|19172|19173|19175|19177|19179|19181|19182|19184|19185|19186|19192|21762|22123|22346|23996|23997|26440|26441|26442|26443|26444|26445|26446|53380|53417|56438|57296|59029|66413|66997|66998|67089|67151|67673|67923|69077|70247|71745|73677|73902|103554|112406|112407|228769|319594|328572|621823,B2RWS6|O09061|O35226|O35593|O35740|O35955|O55234|O70435|O88685|P14685|P26516|P28063|P28076|P40338|P45481|P46471|P49722|P53762|P54775|P61290|P62192|P62196|P62334|P62869|P62878|P70195|P83940|P97371|P97372|P99026|Q0VBL6|Q3TXS7|Q5SSW2|Q60692|Q61221|Q8BG32|Q8BG41|Q8BHL8|Q8BJY1|Q8BLR9|Q8VDM4|Q91UZ4|Q91YE2|Q99JI4|Q9CR00|Q9CWH6|Q9CX56|Q9D4H8|Q9D8W5|Q9QUM9|Q9R1P0|Q9R1P1|Q9R1P3|Q9R1P4|Q9WVJ2|Q9Z2U0|Q9Z2U1|Q9Z2X2,15304631|16724055|17916722|18498744|19339544|19704417|20728359|20965423|21335549,1.14.11.-|1.14.11.29|1.14.11.30|1.14.11.n4|2.3.1.-|2.3.1.48|2.3.2.27|2.3.2.32|3.4.19.-|3.4.25.1,NULL
Reactome:R-MMU-210774,Regulation of Beta-Cell Development,organism_specific,pathway,https://reactome.org/content/detail/R-MMU-210774,Reactome,3,R-MMU-210774,R-MMU-210774,10090,Mus musculus (house mouse),1,NULL,11925|14165|15205|15376|15377|15378|15379|15874|16333|18012|18088|18096|18128|18508|18609|19213|19664|20526|21405|21410|26424|30942|53626|56458|246086|378435,O08755|O35565|P01325|P12968|P14246|P22361|P27889|P31266|P35428|P35583|P35584|P42586|P45448|P49698|P52946|P53657-1|P63015|P70661|Q01705|Q60867|Q63ZV0|Q8CF90|Q8K557|Q99MA9|Q9QX98|Q9R1E0|Q9WUU6,NULL,NULL,NULL
Reactome:R-MMU-390522,Striated Muscle Contraction,organism_specific,pathway,https://reactome.org/content/detail/R-MMU-390522,Reactome,3,R-MMU-390522,R-MMU-390522,10090,Mus musculus (house mouse),0,271|3681305|5461108|7058055,13346|13405|21393|22352,A0A571BF58|A2ASS6|O70548|P11531|P20152|P31001,13165697|13175187|15173217|15173218,2.7.11.1,NULL
Reactome:R-MMU-9006921,Integrin signaling,organism_specific,pathway,https://reactome.org/content/detail/R-MMU-9006921,Reactome,3,R-MMU-9006921,R-MMU-9006921,10090,Mus musculus (house mouse),0,271|962|1061|5957|6022|135398619|135398633,12927|12928|12988|14784|16399|16416|19246|20662|20779|20963|21894|54519,O54890|P05480|P26039|P34152-4|P35821|P41241|P48025|P98083-2|Q60631|Q61140|Q62245|Q64010|Q8R5A3|Q9QUM0,17084981|19118207|28106780,2.7.10.2|3.1.3.48,NULL
Reactome:R-MMU-194840,Rho GTPase cycle,organism_specific,pathway,https://reactome.org/content/detail/R-MMU-194840,Reactome,3,R-MMU-194840,R-MMU-194840,10090,Mus musculus (house mouse),0,962|3681305|5461108|7058055|135398619|135398633,12539|26554|69288|73296|246710,Q61081|Q91V93|Q9CTN4|Q9DAK3|Q9JLV5,9308960|16212495|17222083,3.6.1.-,NULL
BioCyc:MOUSE_PWY-5874,heme degradation,organism_specific,pathway,https://biocyc.org/MOUSE/NEW-IMAGE?object=PWY-5874,BioCyc,1,MOUSE_PWY-5874,PWY-5874,10090,Mus musculus (house mouse),1,281|962|977|27284|7067843|25245769|44229124,15368|15369|109778|233016,O70252|P14901|Q923D2|Q9CY64,NULL,1.14.14.18|1.3.1.24|1.5.1.30,NULL
BioCyc:MOUSE_PWY3FA-941,ketogenesis,organism_specific,pathway,https://biocyc.org/MOUSE/NEW-IMAGE?object=PWY3FA-941,BioCyc,1,MOUSE_PWY3FA-941,PWY3FA-941,10090,Mus musculus (house mouse),0,180|280|962|1038|3617|4349538|6971017|6971058|15938971|25113190|25244586|25245580,15356|15360|69772|71911|110446|110460|208715|208982,P38060|P54869|Q80XN0|Q8CAY6|Q8JZK9|Q8JZS7|Q8JZV9|Q8QZT1,NULL,1.1.1.-|1.1.1.30|2.3.1.9|2.3.3.10|4.1.3.4,NULL
BioCyc:MOUSE_PWY-4984,urea cycle,organism_specific,pathway,https://biocyc.org/MOUSE/NEW-IMAGE?object=PWY-4984,BioCyc,1,MOUSE_PWY-4984,PWY-4984,10090,Mus musculus (house mouse),0,222|280|962|1023|1038|1176|5957|6022|3423467|5231987|5460307|5460542|6992088|15938965|25244873|25245925,11846|11847|11898|18416|109900|227231,O08691|P11725|P16460|Q61176|Q8C196|Q91YI0,NULL,2.1.3.3|3.5.3.1|4.3.2.1|6.3.4.16|6.3.4.5,NULL
BioCyc:MOUSE_COA-PWY,coenzyme A biosynthesis,organism_specific,pathway,https://biocyc.org/MOUSE/NEW-IMAGE?object=COA-PWY,BioCyc,1,MOUSE_COA-PWY,COA-PWY,10090,Mus musculus (house mouse),0,280|1023|1038|5957|6022|5260155|7058165|7058166|16755653|25113190|25244237|25245609|25245905,66812|68087|71743|106564,Q8BHC4|Q8BZB2|Q8VDG5|Q9DBL7,NULL,2.7.1.24|2.7.7.3|4.1.1.36|6.3.2.51,NULL
BioCyc:MOUSE_PENTOSE-P-PWY,pentose phosphate pathway,organism_specific,pathway,https://biocyc.org/MOUSE/NEW-IMAGE?object=PENTOSE-P-PWY,BioCyc,1,MOUSE_PENTOSE-P-PWY,PENTOSE-P-PWY,10090,Mus musculus (house mouse),0,280|962|1038|5459820|15938972|15983949|21144996|21604863|23421199|24794349|24794350|25243964|25243986|25244251|25246175,14380|14381|19895|21351|21881|66171|66646|74419|83553|100198|110208,P40142|P47968|P97324|Q00612|Q8CFX1|Q8VEE0|Q93092|Q99MX0|Q9CQ60|Q9D4D4|Q9DCD0,NULL,1.1.1.363|1.1.1.44|1.1.1.47|1.1.1.49|2.2.1.1|2.2.1.2|3.1.1.31|5.1.3.1|5.3.1.6,NULL
BioCyc:MOUSE_PWY-6030,serotonin and melatonin biosynthesis,organism_specific,pathway,https://biocyc.org/MOUSE/NEW-IMAGE?object=PWY-6030,BioCyc,1,MOUSE_PWY-6030,PWY-6030,10090,Mus musculus (house mouse),0,280|896|903|977|1038|1125|4048638|6923516|23724532|25113190|25243949|25244586|25246222|44229224,11298|13195|21990|216343,O88533|O88816|P17532|Q8CGV2,NULL,1.14.16.4|2.3.1.87|4.1.1.28,NULL
BioCyc:MOUSE_PWY66-367,ketogenesis,organism_specific,pathway,https://biocyc.org/MOUSE/NEW-IMAGE?object=PWY66-367,BioCyc,1,MOUSE_PWY66-367,PWY66-367,10090,Mus musculus (house mouse),0,180|280|962|1038|3617|4349538|6971017|6971058|15938971|25113190|25244586|25245580,15356|15360|69772|71911|110446|110460|208715|208982,P38060|P54869|Q80XN0|Q8CAY6|Q8JZK9|Q8JZS7|Q8JZV9|Q8QZT1,NULL,1.1.1.-|1.1.1.30|2.3.1.9|2.3.3.10|4.1.3.4,NULL
BioCyc:MOUSE_PWY66-301,catecholamine biosynthesis,organism_specific,pathway,https://biocyc.org/MOUSE/NEW-IMAGE?object=PWY66-301,BioCyc,1,MOUSE_PWY66-301,PWY66-301,10090,Mus musculus (house mouse),0,280|962|977|1038|1125|3713609|3810693|4102253|4300518|6971033|23724532|25246222|44123501|44229109|44229224,13166|13195|18948|21823|59012|194357,O88533|P24529|P40935|Q64237|Q7TT41|Q9CXI3,6143403|7715703,1.14.16.2|1.14.17.-|1.14.17.1|2.1.1.28|4.1.1.28,NULL
BioCyc:MOUSE_SERSYN-PWY,serine biosynthesis,organism_specific,pathway,https://biocyc.org/MOUSE/NEW-IMAGE?object=SERSYN-PWY,BioCyc,1,MOUSE_SERSYN-PWY,SERSYN-PWY,10090,Mus musculus (house mouse),0,962|1038|164533|4349538|5460299|5460375|6857581|7059387|15938971|25245548,56433|100678|107272|236539,Q61753|Q99K85|Q99LS3|Q9QZ88,NULL,1.1.1.95|2.6.1.52|3.1.3.3,NULL
BioCyc:MOUSE_TCA-1,TCA cycle,organism_specific,pathway,https://biocyc.org/MOUSE/NEW-IMAGE?object=TCA-1,BioCyc,1,MOUSE_TCA-1,TCA-1,10090,Mus musculus (house mouse),0,280|962|1038|4462|31348|160419|164533|164550|447920|4349538|5459771|5459792|5459816|5460307|7058167|15938971|15938972|15983949|21604868|25113190|25244586|25245777,11428|11429|12974|14194|17448|20917|56451|66052|66925|66945|67680|269951,P08249|P28271|P54071|P97807|Q8K2B3|Q99KI0|Q9CQA3|Q9CXV1|Q9CZB0|Q9CZU6|Q9WUM5|Q9Z2I8,NULL,1.1.1.37|1.1.1.42|1.3.5.1|2.3.3.1|4.2.1.2|4.2.1.3|6.2.1.4|6.2.1.5,NULL
WikiPathways:WP103,Cholesterol biosynthesis,organism_specific,Metabolic Process,https://www.wikipathways.org/index.php/Pathway:WP103,WikiPathways,5,WP103,WP103,10090,Mus musculus (house mouse),0,444493|5459811,13121|13360|14137|15357|16987|17855|18194|20775|66234|68603|110196|192156|208715|235293|319554,NULL,9498553,NULL,NULL
WikiPathways:WP1241,Glucuronidation,organism_specific,Metabolic Process,https://www.wikipathways.org/index.php/Pathway:WP1241,WikiPathways,5,WP1241,WP1241,10090,Mus musculus (house mouse),0,962|1004|1038|5892|5957|5958|6031|6133|8629|17473|64689|65533|159296|439153,15275|22235|22236|66681|71773|72094|72157|94215|100727|109785|216558|226041|394430|394433|394436|434493|552899,NULL,19244115,NULL,NULL
WikiPathways:WP1247,Methylation,organism_specific,Metabolic Process,https://www.wikipathways.org/index.php/Pathway:WP1247,WikiPathways,5,WP1247,WP1247,10090,Mus musculus (house mouse),0,1004|5957|6137|34756|439155,11720|12846|18113|18948|21743|22017|108645|140483|232087,NULL,19035562,NULL,NULL
WikiPathways:WP1254,Apoptosis,organism_specific,Cellular Process,https://www.wikipathways.org/index.php/Pathway:WP1254,WikiPathways,5,WP1254,WP1254,10090,Mus musculus (house mouse),0,NULL,11651|11783|11796|11797|11798|11799|12015|12018|12028|12043|12048|12050|12122|12123|12125|12177|12362|12363|12366|12367|12368|12369|12370|12371|12633|12675|12905|13347|13368|14082|14102|14103|14940|15201|16000|16001|16002|16150|16151|16362|16363|16364|16476|16992|17210|17246|17869|18033|18035|18036|18037|18646|18708|19697|19766|21926|21933|21937|21938|22029|22030|22031|22035|22059|22061|22062|26398|26401|26414|27056|51800|54123|54131|54139|58801|66593|71609|72193|85030|94185,NULL,19079265,NULL,NULL
WikiPathways:WP1259,Retinol metabolism,organism_specific,Metabolic Process,https://www.wikipathways.org/index.php/Pathway:WP1259,WikiPathways,5,WP1259,WP1259,10090,Mus musculus (house mouse),0,446925|448438|5280795|5280899|5281224|5281227|5281243|6419725|23724629,11522|11668|12491|12903|12904|13082|13106|16956|19378|19401|19411|19659|19660|19662|19682|19771|19892|20148|20181|20182|20183|20778|20887|26876|27409|54200|56847|63857|63954|67442|67470|77974|79235|98711|218772|232174|235033|237636,NULL,1416048,NULL,NULL
WikiPathways:WP150,DNA replication,organism_specific,Cellular Process,https://www.wikipathways.org/index.php/Pathway:WP150,WikiPathways,5,WP150,WP150,10090,Mus musculus (house mouse),0,6022|15993|65070|65091|135398599,12544|12545|12566|17215|17216|17217|17218|17219|17220|18392|18393|18538|18968|18969|18971|18972|18973|18974|19075|19076|19687|19718|19891|22186|22190|23834|26428|26429|27214|50793|56452|57441|67177|67967|68240|68275|69263|69745|70024|72151|106344,NULL,12045100,NULL,NULL
WikiPathways:WP164,Glutathione metabolism,organism_specific,Metabolic Process,https://www.wikipathways.org/index.php/Pathway:WP164,WikiPathways,5,WP164,WP164,10090,Mus musculus (house mouse),0,750|5862|5884|5885|7405|8030|33032|65359|123938|124886|439498|444493|14253336,14381|14598|14629|14630|14775|14776|14778|14782|14854|14857|14863|14871|14872|15926|16790|23887|68312|75475|625249,NULL,NULL,NULL,NULL
WikiPathways:WP18,Heme biosynthesis,organism_specific,Metabolic Process,https://www.wikipathways.org/index.php/Pathway:WP18,WikiPathways,5,WP18,WP18,10090,Mus musculus (house mouse),0,222|280|784|788|962|977|87642,11655|11656|12892|14151|15288|17025|19044|22275|22276,NULL,NULL,NULL,NULL
WikiPathways:WP216,Striated Muscle Contraction,organism_specific,Physiological Process,https://www.wikipathways.org/index.php/Pathway:WP216,WikiPathways,5,WP216,WP216,10090,Mus musculus (house mouse),1,NULL,11459|11464|11465|11472|11474|11475|12373|13346|13405|17868|17879|17883|17884|17885|17888|17896|17897|17901|17906|17929|17930|17996|21393|21916|21924|21925|21952|21953|21954|21955|21956|21957|22003|22004|22138|22352|59069|60595|66106|71912|98932|109272|140781|233199|326618,NULL,NULL,NULL,NULL
WikiPathways:WP2185,Purine metabolism,organism_specific,Metabolic Process,https://www.wikipathways.org/index.php/Pathway:WP2185,WikiPathways,5,WP2185,WP2185,10090,Mus musculus (house mouse),0,190|203|222|1118|1175|1176|1188|5957|5961|6022|6076|6083|7339|9679|10214|10238|12599|13730|15993|21706|60961|64959|65110|73323|130805|160666|160913|161500|165381|165388|166760|188966|250388|439167|439236|439269|439296|439714|439905|440322|443736|445794|447145|5462266|135398570|135398585|135398592|135398593|135398595|135398597|135398599|135398614|135398616|135398619|135398629|135398631|135398633|135398634|135398635|135398637|135398638|135398640|135398641|135398643|135398651|135398667,11486|11512|11513|11514|11515|11534|11564|11565|11566|11636|11637|11639|11717|11821|12495|12496|12497|12499|13178|14198|14450|14544|14917|14918|14919|14923|15452|16434|18102|18103|18160|18573|18574|18575|18576|18577|18578|18582|18583|18584|18585|18587|18588|18605|18746|18770|18950|18968|18969|18971|18972|18973|18974|19075|19076|19139|20016|20017|20018|20019|20020|20021|20022|20133|20135|22262|22436|23917|23918|23959|23971|23972|23984|26939|27369|29863|50773|53893|54195|54369|54611|56520|59001|60596|64424|66136|66355|66358|66401|66420|66491|66681|66979|67005|67054|67065|67464|67486|67710|67967|68695|68870|69241|69745|69833|69870|69920|70408|70428|70881|71701|72090|72157|73532|74167|74414|75456|75533|75686|76025|76952|76974|78600|78801|78929|79059|94041|103850|104110|104111|105446|107569|108147|109674|110385|110639|110855|171567|207728|209558|210044|215446|218461|218832|224129|225600|229363|229589|229665|229949|230103|230718|231327|231329|231903|234889|237823|238871|239134|241489|242202|245650|245841|271639|328099|382985|432530|625405|633979|667034|100043714|100046796|100862375|102216272,NULL,NULL,NULL,NULL
WikiPathways:WP317,Glycogen metabolism,organism_specific,Metabolic Process,https://www.wikipathways.org/index.php/Pathway:WP317,WikiPathways,5,WP317,WP317,10090,Mus musculus (house mouse),0,5958|6076|8629|64689|65533|439177,12313|12314|12315|14936|18679|18682|19052|19053|19309|21770|26931|26932|27357|51792|56637|68961|71978|72157|72930|73699|74185|77559|102093|110078|110094|110095|110854|216558|225849|226849|232493|235542|269643|606496,NULL,NULL,NULL,NULL
WikiPathways:WP336,Fatty acid biosynthesis,organism_specific,Metabolic Process,https://www.wikipathways.org/index.php/Pathway:WP336,WikiPathways,5,WP336,WP336,10090,Mus musculus (house mouse),0,444493|644066,14081|14104|15107|18563|20249|26922|50790|51798|52430|52538|52665|60525|67460|67856|74205|93747|100705|104112|107476|111175|216739|433256,NULL,NULL,NULL,NULL
WikiPathways:WP403,Wnt signaling pathway,organism_specific,Cellular Process,https://www.wikipathways.org/index.php/Pathway:WP403,WikiPathways,5,WP403,WP403,10090,Mus musculus (house mouse),0,NULL,11789|11848|12005|12387|12443|12444|12445|13542|13543|13544|14283|14296|14362|14365|14367|14368|14369|14370|14371|16476|16835|17869|18472|18750|18751|18752|18753|18754|18755|18759|18760|18761|18762|18792|19353|20379|22408|22409|22410|22411|22413|22414|22415|22416|22417|22418|22419|22420|22421|22422|26414|26420|26931|26932|27373|30050|56637|57265|93735|93897,NULL,15686623,NULL,NULL
WikiPathways:WP434,TCA cycle,organism_specific,Metabolic Process,https://www.wikipathways.org/index.php/Pathway:WP434,WikiPathways,5,WP434,WP434,10090,Mus musculus (house mouse),0,311|970|1060|1110|1198|92133|222656|444493|444972,11429|12974|13382|14194|15929|17448|17449|18293|18563|18597|18598|18604|20916|20917|27273|27402|56451|66052|66925|66945|67680|67834|68263|78920|170718|228026|235339|236900|269951|381511|382051,NULL,NULL,NULL,NULL
WikiPathways:WP539,Wnt signaling pathway,organism_specific,Cellular Process,https://www.wikipathways.org/index.php/Pathway:WP539,WikiPathways,5,WP539,WP539,10090,Mus musculus (house mouse),0,NULL,11651|11789|11848|12005|12006|12234|12322|12323|12325|12387|12393|12443|12532|12534|12550|12961|12995|13000|13001|13016|13017|13132|13380|13383|13385|13542|13543|13544|13728|14200|14296|14362|14366|14367|14368|14369|14370|14371|15258|16476|16480|16842|16971|16973|16974|17127|17128|17755|17863|18099|18504|18750|18751|19052|19099|19353|20319|20377|20664|20682|21374|21402|21413|21418|21423|22218|22408|22413|22415|22416|22417|22418|22421|23859|23988|26409|26413|26417|26419|26420|26423|26564|26965|26992|27373|56505|56637|57265|58198|59004|67087|75826|76281|77578|93687|93840|93960|99470|104318|108058|109689|110157|140577|208846|212398|216869|319478|328572|665283,NULL,NULL,NULL,NULL
WikiPathways:WP55,Steroid biosynthesis,organism_specific,Metabolic Process,https://www.wikipathways.org/index.php/Pathway:WP55,WikiPathways,5,WP55,WP55,10090,Mus musculus (house mouse),0,5757|5870|5994|5997|6013|6128|6238|8955|10635|91451|136297,13074|14060|15485|15486|15487|15488|15490|15492|15493|15494|15495|15496|15497,NULL,NULL,NULL,NULL
WikiPathways:WP63,Pentose phosphate pathway,organism_specific,Metabolic Process,https://www.wikipathways.org/index.php/Pathway:WP63,WikiPathways,5,WP63,WP63,10090,Mus musculus (house mouse),0,69507|91493|122357|439168|439452,14381|19895|21351|21881|66171|66646|110208,NULL,NULL,NULL,NULL
WikiPathways:WP79,Tryptophan metabolism,organism_specific,Metabolic Process,https://www.wikipathways.org/index.php/Pathway:WP79,WikiPathways,5,WP79,WP79,10090,Mus musculus (house mouse),0,397|400|798|800|803|896|903|1150|1826|1833|1864|3845|5202|5801|6088|6305|10685|11321|11811|18986|21860|74688|92153|92904|150885|151066|161166|164550|171161|351795|439280|439701|439788|439854|439951|440737|440740|440743|440806|444493|656506|3081383|5188693|5459842|5459905|5460095|5497143|9543037|9548571|9548666|23615302|54725756,11298|11668|11669|11671|11761|12359|13075|13076|13077|13078|13106|13107|13110|13123|13195|15107|15108|15469|15930|17246|18293|19378|21743|21990|22215|22375|23923|56720|56752|57751|64385|70789|70790|71562|72082|74754|76507|93747|107626|107766|109731|110446|266645|270076,NULL,NULL,NULL,NULL
WikiPathways:WP87,Nucleotide metabolism,organism_specific,Metabolic Process,https://www.wikipathways.org/index.php/Pathway:WP87,WikiPathways,5,WP87,WP87,10090,Mus musculus (house mouse),0,190|1045|1102|1103|1175|1188|5779|6262|41211|65110|160666|440122|135398631|135398634|135398638|135398640,11564|11566|13361|15452|17768|18103|18245|18968|18970|18971|18975|19139|20133|20135|20229|20810|23917|110639|382985,NULL,NULL,NULL,NULL
PathBank:SMP0063478,Glycolysis,organism_specific,Metabolic,http://pathbank.org/view/SMP0063478,PathBank,10,SMP0063478,SMP0063478,10090,Mus musculus (house mouse),0,668|683|724|729|962|1004|1005|1060|1061|5793|5893|5957|5958|6022|64689|69507|79025|186004|439153|439165|439278|439427|445557,12183|14447|15275|18648|18663|21991|56421|68401|230163|239606|319625|433182,P09041|P15327|P17182|P17710|P17751|Q3UHK1|Q64467|Q6NSQ9|Q8C675|Q8K157|Q91Y97|Q91YI8|Q9DBJ1|Q9WUA3,NULL,1.2.1.12|2.7.1.1|2.7.1.11|2.7.2.3|3.1.3.9|4.1.2.13|4.2.1.11|4.2.3.3|5.1.3.3|5.3.1.1|5.4.2.11|5.4.2.4,NULL
PathBank:SMP0063586,Alanine Metabolism,organism_specific,Metabolic,http://pathbank.org/view/SMP0063586,PathBank,10,SMP0063586,SMP0063586,10090,Mus musculus (house mouse),0,51|760|769|970|1060|1061|5950|5957|6022|6083|33032|644102|5257127,11611|69719|224805|234734|381411,B2RQC6|O35423|Q14CH7|Q3UX83|Q8BGQ7,NULL,2.1.3.2|2.6.1.44|2.6.1.51|3.5.2.3|6.1.1.7|6.3.5.5,NULL
PathBank:SMP0063587,Selenoamino Acid Metabolism,organism_specific,Metabolic,http://pathbank.org/view/SMP0063587,PathBank,10,SMP0063587,SMP0063587,10090,Mus musculus (house mouse),0,58|222|533|962|1004|1089|1090|1092|5950|5951|5957|6022|6083|15103|15104|25076|60961|98223|147004|440758|440760|440763|644102|16682731|24892761|24892762,12411|18041|20768|23971|52686|71522|107869|108645|216443|229709|232087,P97364|Q3THS6|Q60967|Q68FL6|Q6PDE7|Q80SW1|Q8BMK1|Q8VCN5|Q91WT9|Q99LB6|Q9Z1J3,NULL,2.1.1.-|2.3.2.2|2.5.1.6|2.7.1.25|2.7.7.4|2.7.9.3|2.8.1.7|3.4.19.13|4.2.1.22|4.4.1.1|4.4.1.2|6.1.1.10,NULL
PathBank:SMP0063588,Pentose Phosphate Pathway,organism_specific,Metabolic,http://pathbank.org/view/SMP0063588,PathBank,10,SMP0063588,SMP0063588,10090,Mus musculus (house mouse),0,177|280|668|729|962|1061|5779|5886|5957|5958|6022|6083|7027|7339|69507|91493|122357|439167|439184|439190|439236|439287|439427|445557|22833512|22833559|45934311,18642|19895|21351|66646|67763|71336|83553|100198|110208|230163|232449,P47857|P47968|Q8C675|Q8CFX1|Q8R1Q9|Q8VEE0|Q91Y97|Q91YP3|Q93092|Q99MX0|Q9D0M1|Q9DCD0|Q9JK07,NULL,1.1.1.363|1.1.1.44|1.1.1.47|2.2.1.1|2.2.1.2|2.7.1.11|2.7.1.15|3.1.1.31|4.1.2.13|4.1.2.4|5.1.3.1|5.3.1.6,NULL
PathBank:SMP0063589,Fatty Acid Metabolism,organism_specific,Metabolic,http://pathbank.org/view/SMP0063589,PathBank,10,SMP0063589,SMP0063589,10090,Mus musculus (house mouse),0,265|280|380|962|985|1038|5893|5957|6083|6816|10917|15667|65113|165436|439153|439214|439252|440045|440600|440601|440602|440603|440604|440606|440608|440610|440615|444493|449118|644102|5280381|5280765|5280767|5280768|5280769|11953816|11966160|11966197|16061159|46173176|53477508,11363|11364|11370|11409|12896|14081|66885|93747|97212|270076,P41216|P45952|P50544|P51174|P52825|Q07417|Q60759|Q8BH95|Q8BMS1|Q9DBL1,NULL,1.1.1.211|1.3.8.1|1.3.8.5|1.3.8.6|1.3.8.7|1.3.8.8|1.3.8.9|2.3.1.-|2.3.1.21|4.2.1.17|5.3.3.8|6.2.1.15|6.2.1.24|6.2.1.3,NULL
PathBank:SMP0063595,Arachidonic Acid Metabolism,organism_specific,Metabolic,http://pathbank.org/view/SMP0063595,PathBank,10,SMP0063595,SMP0063595,10090,Mus musculus (house mouse),0,962|977|5886|33032|107873|124886|444899|445049|448457|460604|5255796|5280360|5280383|5280492|5280493|5280497|5280724|5280733|5280745|5280876|5280877|5280878|5280880|5280882|5280883|5280884|5280885|5280888|5280889|5280892|5280893|5282411|5283078|5283137|5283142|5283144|5283146|5283147|5283154|5283155|5283156|5283157|5283159|5283162|5283171|5283202|5283203|5283205|5288144|5311211|5353269|9548880|9548883|9548884|9548885|11954042|11954043|11954058|11954059|11954060|17395792|17395793|22833512|24778634|53477781|53480669,11684|11686|11687|11688|11689|12408|13075|13110|13117|13850|14775|16993|17001|19215|19223|19224|19225|21391|64292|66469|71519|71522|72054|105349|211429,O09114|O35074|O35936|O54750|O70582|O88833|P0C871|P11352|P12791|P22437|P24527|P28649|P34914|P36423|P39654|P39655|P48758|P48999|Q05769|Q60860|Q6PDE7|Q8K023|Q99N16|Q9CX98|Q9DB60|Q9JM51,NULL,1.1.-.-|1.1.1.149|1.1.1.184|1.1.1.189|1.1.1.196|1.1.1.197|1.11.1.-|1.11.1.20|1.11.1.9|1.13.11.-|1.13.11.12|1.13.11.31|1.13.11.33|1.13.11.34|1.13.11.58|1.14.14.1|1.14.14.14|1.14.14.80|1.14.99.1|2.3.2.2|2.5.1.-|2.5.1.18|3.1.1.4|3.1.1.5|3.1.3.76|3.3.2.-|3.3.2.10|3.3.2.6|3.4.11.4|3.4.19.13|4.2.1.152|4.4.1.20|5.3.99.2|5.3.99.3|5.3.99.4|5.3.99.5,NULL
PathBank:SMP0063605,Carnitine Synthesis,organism_specific,Metabolic,http://pathbank.org/view/SMP0063605,PathBank,10,SMP0063605,SMP0063605,10090,Mus musculus (house mouse),0,51|133|134|280|962|977|1038|1110|5893|5962|10917|439153|440120|5257127|24762165|25203146|25246222,20425|73251|192289|214579,P50431|Q8BWF0|Q8VHL1|Q91ZE0,NULL,1.14.11.8|1.2.1.24|2.1.1.364|2.1.2.1,NULL
PathBank:SMP0063606,Catecholamine Biosynthesis,organism_specific,Metabolic,http://pathbank.org/view/SMP0063606,PathBank,10,SMP0063606,SMP0063606,10090,Mus musculus (house mouse),0,252|280|681|962|977|5816|6047|6057|210328|439260|9816201|24762165|25246222|54670067,18484|21743|246277,P40936|P97467|Q9DBE0,NULL,1.14.17.3|2.1.1.49|2.1.1.96|4.1.1.11|4.1.1.29|4.3.2.5,NULL
PathBank:SMP0063613,Fatty Acid Biosynthesis,organism_specific,Metabolic,http://pathbank.org/view/SMP0063613,PathBank,10,SMP0063613,SMP0063613,10090,Mus musculus (house mouse),0,96|176|264|379|441|985|2969|3893|6816|8892|10663|11005|128859|439658|439717|444493|454064|637090|5282707|5282714|5282724|5282729|5282738|5282743|5282982|5282997|5288266|5312798|5312804|5312861|10197713|15569776|23511544,NULL,NULL,NULL,NULL,NULL
PathBank:SMP0063617,Gluconeogenesis,organism_specific,Metabolic,http://pathbank.org/view/SMP0063617,PathBank,10,SMP0063617,SMP0063617,10090,Mus musculus (house mouse),0,51|280|525|668|683|724|729|769|962|970|1004|1005|1038|1060|1061|5793|5893|5957|5958|6022|6830|8977|64689|69507|79025|107689|186004|439153|439165|439278|439427|445557,12183|14447|15275|17448|18648|21991|55951|68401|69719|71803|74551|230163|239606|269614|319625|433182,B2RQC6|P08249|P15327|P17182|P17710|P17751|P63030|Q3UHK1|Q64467|Q6NSQ9|Q80YV4|Q8BH04|Q8C675|Q8K157|Q91Y97|Q9DB41|Q9DBJ1|Q9JK07,NULL,1.1.1.37|1.2.1.12|2.1.3.2|2.7.1.1|3.1.3.-|3.1.3.9|3.5.2.3|4.1.1.32|4.1.2.13|4.2.1.11|4.2.3.3|5.1.3.3|5.3.1.1|5.4.2.11|5.4.2.4|6.3.5.5,NULL
PathBank:SMP0063622,Glutathione Metabolism,organism_specific,Metabolic,http://pathbank.org/view/SMP0063622,PathBank,10,SMP0063622,SMP0063622,10090,Mus musculus (house mouse),0,784|962|1004|5862|5886|5950|5957|6022|6323|7405|33032|115260|123938|124886|439498|440103|5255796|5257127|22169024|22833512|55290163,12369|14629|14630|14775|14854|16790|68214|71522|75475|110175,O09172|P11352|P51855|P97449|P97494|P97864|Q6PDE7|Q8K010|Q8K2Q2|Q9D7X8,NULL,1.11.1.9|1.20.4.2|1.8.5.1|2.3.2.2|2.5.1.18|3.4.11.2|3.4.19.13|3.4.22.60|3.5.2.9|4.3.2.9|6.3.2.2|6.3.2.3,NULL
PathBank:SMP0063630,Inositol Phosphate Metabolism,organism_specific,Metabolic,http://pathbank.org/view/SMP0063630,PathBank,10,SMP0063630,SMP0063630,10090,Mus musculus (house mouse),0,890|892|962|1004|1061|5957|5958|6022|107758|121920|439444|439455|439456|439468|440194|440211|443247|443266|5288700|25200523|25201153|25201336|25245165,16332|69718|102954|277360,P0C027|Q69ZK0|Q6P549|Q7TT16,NULL,2.7.1.140|2.7.1.151|2.7.1.153|3.1.3.86|3.6.1.52|3.6.1.60,NULL
PathBank:SMP0063631,Ketone Body Metabolism,organism_specific,Metabolic,http://pathbank.org/view/SMP0063631,PathBank,10,SMP0063631,SMP0063631,10090,Mus musculus (house mouse),0,96|180|280|962|1110|5893|6816|92135|439153|439161|439214|439218|444493,15356|15360|15483|67041,P38060|P50172|P54869|Q9D0K2,NULL,1.1.1.146|1.1.1.201|2.3.3.10|2.8.3.5|4.1.3.4,NULL
PathBank:SMP0063634,Lactose Synthesis,organism_specific,Metabolic,http://pathbank.org/view/SMP0063634,PathBank,10,SMP0063634,SMP0063634,10090,Mus musculus (house mouse),0,962|1004|1061|5793|5957|6022|6030|6031|6133|18068|84571|123912|439165|644102|53477679,11637|24060|56520|68401|69032|76025|353169,Q61420|Q6NSQ9|Q8BFW9|Q8VCF1|Q9D925|Q9WTP6|Q9WV84,NULL,2.7.4.3|2.7.4.6|3.1.3.9|3.6.1.6,NULL
PathBank:SMP0063644,Nucleotide Excision Repair,organism_specific,Metabolic,http://pathbank.org/view/SMP0063644,PathBank,10,SMP0063644,SMP0063644,10090,Mus musculus (house mouse),0,NULL,NULL,NULL,NULL,NULL,NULL
PathBank:SMP0063649,Phenylalanine and Tyrosine Metabolism,organism_specific,Metabolic,http://pathbank.org/view/SMP0063649,PathBank,10,SMP0063649,SMP0063649,10090,Mus musculus (house mouse),0,51|96|222|280|780|784|962|977|979|997|5957|6057|6083|6140|33032|44257|129803|644102|5280393|5280398|21883788,14085|14718|15233|23874|66590|107271|109731|242642|381411,O09173|P05201|P35505|Q3UX83|Q8BW75|Q8C0C7|Q8K248|Q91WQ3|Q9WUA2,NULL,1.13.-.-|1.13.11.5|1.4.3.4|2.6.1.1|2.6.1.3|3.7.1.2|6.1.1.1|6.1.1.20,NULL
PathBank:SMP0063655,Porphyrin Metabolism,organism_specific,Metabolic,http://pathbank.org/view/SMP0063655,PathBank,10,SMP0063655,SMP0063655,10090,Mus musculus (house mouse),0,137|222|280|281|321|784|788|962|977|1021|1179|5893|6031|17473|27284|29936|121893|439153|439161|440775|440776|440784|445713|3794562|5257127|5280352|5353439|5459911|25201570|46173807|49792067|58838673|131841493|145994596|146026556|156907978,12892|14151|15288|15369|17025|22239|22275|22276|70383|83457|109778|110006|226139|228677,O70252|P10518|P12265|P22315|P22907|P36552|P51163|P70697|Q64676|Q8BG54|Q8BJ03|Q8CFY5|Q99MX2|Q9CY64,NULL,1.14.14.18|1.3.1.24|1.3.3.3|2.3.1.50|2.4.1.47|2.5.1.141|2.5.1.61|3.2.1.31|4.1.1.37|4.2.1.24|4.2.1.75|4.99.1.1,NULL
PathBank:SMP0063661,Pyruvate Metabolism,organism_specific,Metabolic,http://pathbank.org/view/SMP0063661,PathBank,10,SMP0063661,SMP0063661,10090,Mus musculus (house mouse),0,176|177|186|280|663|769|863|880|962|970|1004|1005|1030|1038|1060|1061|5886|5893|5957|6022|6083|6816|6830|8977|10663|61503|107689|124886|222656|439153|439214|439231|439350|440018|440867|444493|644102|22833512|24906332,12040|17449|26462|27402|69719|69748|74551|236539|257633,B2RQC6|P14152|Q3URE1|Q571I9|Q61753|Q6P3A8|Q8BH04|Q8BKZ9|Q91YI8|Q9JLT4,NULL,1.1.1.37|1.1.1.95|1.2.4.4|1.8.1.9|2.1.3.2|3.5.2.3|4.1.1.32|6.2.1.n3|6.3.5.5,NULL
PathBank:SMP0063662,Retinol Metabolism,organism_specific,Metabolic,http://pathbank.org/view/SMP0063662,PathBank,10,SMP0063662,SMP0063662,10090,Mus musculus (house mouse),0,962|977|5886|5893|6816|71920|439153|444493|444795|445354|446798|449171|638015|5280382|5280489|5280490|5280531|5281877|5289090|5363137|5460164|6436082|6437063|6438629|6506224|9543771|9947823|22833512|53479491|131759350,NULL,NULL,NULL,NULL,NULL
PathBank:SMP0063667,Sphingolipid Metabolism,organism_specific,Metabolic,http://pathbank.org/view/SMP0063667,PathBank,10,SMP0063667,SMP0063667,10090,Mus musculus (house mouse),0,280|962|984|1014|1015|1061|1117|5793|5886|5951|5957|6022|6031|10214|15667|91486|159296|439357|439853|644260|656504|5283560|5283565|5283583|5283588|5353955|6451121|16755624|20057277|20057304|22833512|24778664|53477677|53477679|53480652,11655|13244|14420|18606|20397|20698|20773|20905|22234|23956|67630|81535|105887|218271|223753|230379|234309|545276,O09005|O88693|P50427|P54818|P61315|P97363|Q3UP75|Q8CI15|Q8K4Q7|Q8R087|Q8R0X7|Q8VC19|Q8VD53|Q91VT4|Q9DA37|Q9JI99|Q9JMH3|Q9R1E6,NULL,1.1.1.100|1.14.19.17|1.6.5.10|2.3.1.-|2.3.1.37|2.3.1.50|2.4.1.-|2.4.1.133|2.4.1.17|2.4.1.80|2.7.1.138|2.7.1.91|2.7.8.-|2.8.2.-|3.1.3.-|3.1.4.39|3.1.6.2|3.2.1.18|3.2.1.46|3.5.1.-|3.5.1.23|4.1.2.27|5.2.1.-,NULL
PathBank:SMP0063668,Purine Metabolism,organism_specific,Metabolic,http://pathbank.org/view/SMP0063668,PathBank,10,SMP0063668,SMP0063668,10090,Mus musculus (house mouse),0,190|192|222|280|764|784|790|962|977|1004|1061|1175|1188|5886|5893|5957|5961|6021|6022|6076|6083|6802|6804|6830|7339|8582|8583|8977|9679|12599|13730|15993|33032|60961|64959|65058|65059|65103|65110|73323|92823|122347|130805|160666|160913|161500|165186|165388|166760|187790|439153|439167|439220|439236|439287|439905|440122|440417|644102|644173|5257127|13781857|21883788|22833512|44367445|53477733,11564|11565|14450|20133|22436|56551|67054|67763|73412|108147|224824|229363|237823|238871|382985,P07742|P27664|P28650|P54822|P97493|Q00519|Q01063|Q3THK7|Q5SUR0|Q64737|Q6PEE3|Q715T0|Q8CIH9|Q99LC9|Q9CWJ9|Q9D0M1|Q9DCL9,NULL,1.17.1.4|1.17.3.2|1.17.4.1|2.1.2.2|2.1.2.3|3.1.4.35|3.1.4.53|3.5.4.10|4.1.1.21|4.3.2.2|6.3.2.6|6.3.3.1|6.3.4.13|6.3.4.4|6.3.5.2|6.3.5.3,NULL
PathBank:SMP0063670,Steroid Biosynthesis,organism_specific,Metabolic,http://pathbank.org/view/SMP0063670,PathBank,10,SMP0063670,SMP0063670,10090,Mus musculus (house mouse),0,280|449|647|962|977|985|1061|1195|5886|5957|5997|6022|6816|65728|92746|101770|129846|246983|439214|439218|439400|439418|439423|439577|440558|440560|440670|443212|444493|445713|445995|644102|5280795|11975273|18971002|22212495|22833512|23724604|50990081|53477723|53477900|53477909,15360|16889|67883|68603|80707|223920|235293,O88822|O88908|P54869|Q91WL8|Q91XL3|Q9D1G2|Q9Z0M5,NULL,1.1.1.-|1.14.19.20|2.3.1.26|2.3.3.10|2.7.4.2|3.1.1.13|4.1.1.35,NULL
PathBank:SMP0063686,Urea Cycle,organism_specific,Metabolic,http://pathbank.org/view/SMP0063686,PathBank,10,SMP0063686,SMP0063686,10090,Mus musculus (house mouse),0,51|222|278|280|962|970|1004|1060|1061|1176|5893|5950|5957|5961|6022|6083|6262|16950|28782|33032|439153|644102|6992098|21883788|44367445,11846|11898|14660|14661|14719|18416|22229|69719|109900|242607|381411,B2RQC6|D3Z7P3|P05202|P11725|P16460|P26443|P56501|Q3UX83|Q61176|Q8JZR4|Q91YI0,NULL,1.4.1.3|2.1.3.2|2.1.3.3|2.6.1.1|2.6.1.7|3.5.1.2|3.5.2.3|3.5.3.1|4.3.2.1|6.3.4.5|6.3.5.5,NULL
PathBank:SMP0063693,Tryptophan Metabolism,organism_specific,Metabolic,http://pathbank.org/view/SMP0063693,PathBank,10,SMP0063693,SMP0063693,10090,Mus musculus (house mouse),0,51|86|227|280|472|784|800|802|896|903|910|962|977|1066|1125|1150|1826|1864|3845|5202|5699|5886|5893|5950|5957|6083|6088|6305|6816|11811|18986|33032|74688|101399|114918|129803|150885|161166|164719|171161|439153|439280|440738|440741|440743|440744|440745|444493|644102|5280625|5280673|18971002|22833512|24762165|25246222,12359|22375|69748|246277,P24270|P32921|Q571I9|Q9DBE0,NULL,1.11.1.6|4.1.1.11|4.1.1.29|6.1.1.2,NULL
Reactome:R-MMU-8964540,Alanine metabolism,organism_specific,pathway,https://reactome.org/content/detail/R-MMU-8964540,Reactome,3,R-MMU-8964540,R-MMU-8964540,10090,Mus musculus (house mouse),0,107735|164533|5460299|7311724,76282|108682,Q8BGT5|Q8QZR5,371355|1094924,2.6.1.2,NULL
Reactome:R-MMU-8963691,Phenylalanine and tyrosine metabolism,organism_specific,pathway,https://reactome.org/content/detail/R-MMU-8963691,Reactome,3,R-MMU-8963691,R-MMU-8963691,10090,Mus musculus (house mouse),0,222|280|784|803|887|962|977|979|1038|27284|107735|134601|164533|643975|4592697|5459934|5460066|5460294|5460299|5460307|5460389|6925665|6942100|6971017|7048684|7311724|15938971|21604869|54679076|135402045|135476778|135476784,13180|14085|14874|15233|15445|18478|66514|70266|110391|234724|100328588,O09046|O09173|P16331|P35505|P49429|P61458|Q8BTY1|Q8BVI4|Q8C0M9|Q8QZR1|Q9WVL0,NULL,1.13.11.27|1.13.11.5|1.14.16.1|1.4.3.2|1.4.3.25|1.5.1.34|2.5.1.18|2.6.1.5|2.6.1.64|2.6.1.7|3.4.19.5|3.5.1.1|3.7.1.2|4.2.1.96|4.4.1.13|5.2.1.2,NULL
PathBank:SMP0100465,Phospholipase C Signaling Pathway,organism_specific,Signaling,http://pathbank.org/view/SMP0100465,PathBank,10,SMP0100465,SMP0100465,10090,Mus musculus (house mouse),0,271|962,107650|320207,Q5SW28|Q6GSA6|Q6P1G1|Q8BKC8|Q8BTV7,NULL,2.7.1.67,NULL
PathBank:SMP0100469,Rac 1 cell motility signaling pathway,organism_specific,Signaling,http://pathbank.org/view/SMP0100469,PathBank,10,SMP0100469,SMP0100469,10090,Mus musculus (house mouse),1,NULL,12443|12575|12631|16885|18538|19353,O35911|O88643|P17918|P18760|P25322|P39689|P53668|P63001|Q6ZWM3|Q8BPT7|Q8C4N3|Q8CHX0|Q99KP2|Q9CRE5|Q9D7M3|Q9D8S6|Q9ERD3|Q9ERQ9|Q9JLS6|Q9QVP3|Q9R256,NULL,2.7.11.1|3.6.5.2,NULL
PathBank:SMP0108162,Phospholipase C Signaling Pathway,organism_specific,Protein,http://pathbank.org/view/SMP0108162,PathBank,10,SMP0108162,SMP0108162,10090,Mus musculus (house mouse),0,271|962,18750|107650|320207,P20444|Q5SW28|Q6GSA6|Q6P1G1|Q8BKC8|Q8BTV7,NULL,2.7.1.67|2.7.11.13,NULL
PathBank:SMP0120883,Rac 1 Cell Motility Signaling Pathway,organism_specific,Protein,http://pathbank.org/view/SMP0120883,PathBank,10,SMP0120883,SMP0120883,10090,Mus musculus (house mouse),0,NULL,12443|12575|12631|16885|18538|19353,O35911|O88643|P17918|P18760|P25322|P39689|P53668|P63001|Q6ZWM3|Q8BPT7|Q8C4N3|Q8CHX0|Q99KP2|Q9CRE5|Q9D7M3|Q9D8S6|Q9ERD3|Q9ERQ9|Q9JLS6|Q9QVP3|Q9R256,NULL,2.7.11.1|3.6.5.2,NULL
Reactome:R-MMU-9012999,RHO GTPase cycle,organism_specific,pathway,https://reactome.org/content/detail/R-MMU-9012999,Reactome,3,R-MMU-9012999,R-MMU-9012999,10090,Mus musculus (house mouse),0,962|3681305|135398618|135398632,11848|11852|11853|11854|11858|12539|12540|12638|13057|13058|14570|17969|17970|17972|19353|19354|23912|56212|69288|69581|74194|74734|80837|94221|104215|170758|192662|223881|228543|246710,O70145|P26361|P60764|P60766|P61588|P62746|P63001|P84096|P97348|P97369|Q05144|Q09014|Q61081|Q61093|Q61462|Q62159|Q62160|Q8BH60|Q8BLR7|Q8BYP3|Q8R527|Q8VDU1|Q91V93|Q99PT1|Q9D3G9|Q9DAK3|Q9EQT3|Q9ER71|Q9QUI0|Q9QYM5,9308960|12636908|15546864|16190977|16212495|16254241|17035353|17222083|18298893|18311041|19818399|22103495|22260703|22931484|23648569|23732472|23850828|24071720|24622787|25482645|26363959|26555387|26707701|27301673|27314390|27314616|27481945|27548350|27556037|27628050|27875099|28029388|28350208|28541439|28610953|28664531|29157138|29222186|29330095|29364559|29596304|31113848|31208035|31344837|31514269|31894645,1.-.-.-|3.6.5.2|5.6.1.6,NULL
